{
  "timestamp": "2025-12-26T02:12:56.442Z",
  "version": "1.0.0",
  "appName": "HomeBase",
  "data": {
    "--card-bg": "",
    "--header-color": "",
    "--page-bg": "",
    "--text-color": "",
    "customCategories": "[\"A - Tools\",\"Websites | Apps\",\"AI\",\"Photography\",\"iOS\",\"Reading\",\"Learning\",\"Design Systems\",\"Entertainment\",\"SWE tools\",\"Projects\"]",
    "customLinksWithCategories": "[{\"title\":\"GoDaddy\",\"url\":\"https://www.godaddy.com/\",\"category\":\"A - Tools\"},{\"title\":\"Lumiere Design System\",\"url\":\"https://lumieredesignsystem.com/\",\"category\":\"Design Systems\"},{\"title\":\"My Storybook\",\"url\":\"https://687bba4d795507daa442f549-cgildnerdh.chromatic.com/?path=/docs/lumiere-lumiereanimation--docs\",\"category\":\"Websites | Apps\"},{\"title\":\"UIFlix\",\"url\":\"https://uiflix.org/\",\"category\":\"Websites | Apps\"},{\"title\":\"mirabelledoiron.com\",\"url\":\"https://mirabelledoiron.com/\",\"category\":\"Websites | Apps\"},{\"title\":\"Claude\",\"url\":\"https://claude.ai/new\",\"category\":\"AI\"},{\"title\":\"Perplexity\",\"url\":\"https://www.perplexity.ai/\",\"category\":\"AI\"},{\"title\":\"ChatGPT\",\"url\":\"https://chatgpt.com/\",\"category\":\"AI\"},{\"title\":\"OpenAI\",\"url\":\"https://openai.com/\",\"category\":\"AI\"},{\"title\":\"Anthropic Dashboard\",\"url\":\"https://console.anthropic.com/dashboard\",\"category\":\"AI\"},{\"title\":\"GitHub\",\"url\":\"https://github.com/mirabelle514?tab=repositories\",\"category\":\"A - Tools\"},{\"title\":\"Mirabelle Photography\",\"url\":\"https://www.mirabellephotography.com/\",\"category\":\"Photography\"},{\"title\":\"Mirabelle Photography Admin\",\"url\":\"https://manage.wix.com/dashboard/d5a222ce-9bc6-4191-b97d-bd6627697816/home\",\"category\":\"Photography\"},{\"title\":\"Apple Dev\",\"url\":\"https://developer.apple.com/\",\"category\":\"iOS\"},{\"title\":\"Apple Design\",\"url\":\"https://developer.apple.com/design/\",\"category\":\"iOS\"},{\"title\":\"Medium\",\"url\":\"https://medium.com/\",\"category\":\"Reading\"},{\"title\":\"Angular\",\"url\":\"https://angular.dev/\",\"category\":\"A - Tools\"},{\"title\":\"Vite\",\"url\":\"https://vite.dev/guide/\",\"category\":\"A - Tools\"},{\"title\":\"Typescript\",\"url\":\"https://www.typescriptlang.org/\",\"category\":\"A - Tools\"},{\"title\":\"React\",\"url\":\"https://react.dev/\",\"category\":\"A - Tools\"},{\"title\":\"Tailwind CSS\",\"url\":\"https://tailwindcss.com/\",\"category\":\"A - Tools\"},{\"title\":\"M3 Google Open Source\",\"url\":\"https://m3.material.io/\",\"category\":\"A - Tools\"},{\"title\":\"FreeCodeCamp\",\"url\":\"https://www.freecodecamp.org/learn/\",\"category\":\"Learning\"},{\"title\":\"My GitBooks\",\"url\":\"https://app.gitbook.com/o/ov6T6KWsKxK9XS5vAKtY/home\",\"category\":\"A - Tools\"},{\"title\":\"The Wednesday Projects\",\"url\":\"https://thewednesdayprojects.com/\",\"category\":\"Projects\"},{\"title\":\"Lumiere Library\",\"url\":\"https://lumieredesignsystemlibrary.com/\",\"category\":\"Design Systems\"},{\"title\":\"Play on cloud\",\"url\":\"https://www.playonrecorder.com/list\",\"category\":\"Entertainment\"},{\"title\":\"Devin\",\"url\":\"https://app.devin.ai/\",\"category\":\"A - Tools\"},{\"title\":\"Reinvention Frameworks\",\"url\":\"https://www.reinventionframeworks.com/\",\"category\":\"Projects\"}]",
    "extensionVersion": "1.0.0",
    "selectedTheme": "Elegant Midnight",
    "sidebarCollapsed": "true"
  }
}